{"__Version":"0.1","App":"62b7e900-db5f-44fc-95c3-f60dd021ff84","Test_7F478737223C4B69":"24687a95-b1b8-40f0-92da-00c46a64fe8f","Host":"66dc7196-9cba-4e41-86b5-9abd128fc72a","SPA":"2e4edc6b-d330-437a-9d7f-964be5be8e86","contScreenSPA":"b444c66a-ce59-41a1-80bc-38c55ea0f5d2","header":"31564010-b2be-439f-96f4-4d45a7271ffd","contScreenBody":"7922a1db-1ffa-4386-8b21-e001d7c31de9","contSiteSelection":"d06cd4cc-153e-4eec-90e7-d3fa552d7dc4","lblSiteSelectionTitle":"5c39fb4d-929a-4364-a809-04ddb8013916","contSiteSelectionSearch":"eaedabf9-755d-4de4-b86c-04e5aa901c4e","btnSiteSelectionSearch":"c4b99c1e-bd63-4eca-8518-648e095e3398","txtSiteSelectionFilter":"318d8786-9eaa-46ec-8a37-0a689ffe8fd5","galSiteSelectionResults":"c9e5ea8b-e00b-4afd-912c-9c54b87483be","galleryTemplate1":"1a0c5fb9-8db8-4cba-928d-03882508bbb4","recSiteRow":"2a884f3c-6a3f-4591-b420-3ea81031780a","contGalSiteSelectionResultsRow":"681886c8-8861-4e21-8725-027efdfe8e1a","contSiteRowName":"8b18f5a4-cc84-4958-9c13-45df8a911769","lblSiteRowNameHeader":"fdd7bccf-3b3e-404f-89ef-7805ea00a79a","lblSiteRowName":"369395d7-1b89-4649-bc20-65e670b28416","contSiteRowId":"e0d08f10-4851-461f-a6ea-4115f43a142a","lblSiteRowId":"2a2fdb10-b7cc-4364-b7e7-599ec4fd3720","lblSiteRowIdHeader":"2f1a9f33-d433-4adb-8d7f-60841512fef5","contSiteRowWebUrl":"ef8e7ab9-a044-4e13-ae28-1d3337f1f747","lblSiteRowWebUrl":"2f80741c-8df0-4220-9c89-36da40e10394","lblSiteRowWebUrlHeader":"8e76d422-d31e-409f-8f9d-22a53aec622d","lblSiteSelectionNoSiteSelected":"66cfc95f-b893-421a-b572-e56fae1097fe","contNextStepSite":"4185ad37-f4ae-444f-93cf-ed9b42ac64d5","lblSiteDriveIdHeader":"b37ccda2-7855-4b3f-9dca-da5a2312c210","lblSiteDriveId":"90caa3a9-e9b0-46ce-a67b-acddfda0db19","btnNextStepSite":"7fb74928-ec4e-446c-ad28-8aa110c7e44c","contListSelection":"4c3c94ed-131e-4294-91d6-635293234743","lblListSelectionTitle":"28c996e6-2afd-4c86-a3a9-2e33116fef93","contListSelectionFilter":"01dc4f9e-ccac-4a3d-a12c-35e95e1ab993","txtGalListsFilter":"5289eacd-9d51-4037-a8c5-a8df8761b077","galListSelectionResults":"2641948b-ab33-4178-96bf-72cb6a46833d","galleryTemplate1_1":"2c5e8b22-17f3-4efb-9d8e-369e02ccbd81","recListRow":"c7730e53-927a-4ae2-8843-b8c91ac21a66","contGalListSelectionResultsRow":"b6500f15-da76-42bf-94dd-29a76e68070b","conListNameRow":"2941a0d3-7939-41ba-9541-46bb57327ce1","lblListNameHeader":"9ca3b424-55f0-410b-a18f-b369e306c7be","lblListName":"e34910b9-d624-4a46-96bc-85899c42a113","contListIdRow":"c4968944-c870-418b-ae79-140f7f206459","lblListId":"d61b8d04-ed75-486c-893a-1d834620bb48","lblListIdHeader":"fd765712-d1eb-4f3b-b976-5b5f92715474","contListWebUrlRow":"398d39b9-b7b5-429b-850e-c8af3fe65bf0","lblListWebUrl":"f271b39c-10cb-45b2-80f9-d7af579dcd75","lblListWebUrlHeader":"6645cc54-b0cc-4ca9-a4f2-0379b7b560a0","contListDriveIdRow":"bf9a0598-df5d-4e5e-81c7-c14578638766","lblListDriveId":"c77013c4-6f50-401c-a922-d8728ec0e18b","lblListDriveIdHeader":"2ac30151-dab8-4f93-8918-95a6d572fe5e","lblListSelectionNoSiteSelected":"3566f6e5-152a-4e38-9d75-a425906ae754","contNextStepSite_1":"aadda507-c95d-4e5e-aad5-8d27a7de622b","lblSelectedListDriveIdHeader":"68940967-fd50-4b98-8103-9fe3feb718ea","lblSelectedListDriveId":"3700756a-331a-46c9-af06-75d9dacf38f3","btnNextStepList":"1fb0da5e-596c-41c7-8535-72e169bc0220","contItemSelection":"c45a8d7e-fec4-42c7-ba58-7abc1b2afc13","lblListItemSelectionTitle":"0149af85-e590-4f95-80da-d00bb49b72e8","contListItemSelectionFilter":"b9028d75-fde7-4a00-a16a-648c1abb22b8","txtGalListItemsFilter":"d92b0dac-297b-4c49-bd2f-59d25f3d1a5d","galListItemSelection":"9b2a01c7-6eda-471b-93f1-7783ccffc968","galleryTemplate1_2":"02ce6e93-a228-4dbd-8b82-b239a80dad31","recSiteRow_2":"ba3d7be9-0b20-4372-98df-0525a6aaa501","contGalListItemResultRow":"9f8d995f-7cbc-4efc-a270-33faaa1a28b7","contListItemName":"ed1b15c7-08be-43f6-9b12-949d63341c93","lblListItemName":"294d97cf-80ea-4294-816c-1e9d2a835ca3","lblListItemNameHeader":"09f6e268-35d0-4105-92e9-b3984596d2f6","contListItemDriveId":"ace33068-88fe-4e4a-a08a-22adeec07107","lblSiteRowWebUrlHeader_1":"92a824fc-a5cf-480f-97ba-1208111e3298","lblSiteRowWebUrl_1":"4235100b-5b97-4847-aa2b-a9fd1646a51e","lblSiteSelectionNoSiteSelected_1":"f4e7dea8-45af-4494-a1f1-50c07fed0dc9","contNextStepSite_2":"e787b03a-5781-498b-9fe8-f5dfb8d64851","lblSiteDriveIdHeader_2":"79756f50-006d-4080-a1eb-7371e287d900","lblSiteDriveId_2":"4b90a42d-02ec-4e70-9e3b-f9e40d36f72f","btnNextStepListItem":"0eeac932-519f-4dde-aba8-e36a9ab16b5d","funcContainer":"574264a5-a40a-4fd1-a628-f67cdacd9592","funcResetCollections":"2eeb40ea-80e7-4f44-a246-dd8005b56292","funcSearchSitesByString":"0f589199-7640-424a-82f0-cbc65962beee","funcGetSiteLists":"d9c8a13f-3554-4edf-94a5-31da324ebb4a","funcGetListItemsExpanded":"12e56dcb-210a-423e-bec0-07c9ed8b7b14"}