{
  "properties": {
    "connectionReferences": {
      "shared_webcontents_1": {
        "runtimeSource": "invoker",
        "connection": {
          "connectionReferenceLogicalName": "abg_sharedwebcontents_91828"
        },
        "api": {
          "name": "shared_webcontents"
        }
      }
    },
    "definition": {
      "$schema": "https://schema.management.azure.com/providers/Microsoft.Logic/schemas/2016-06-01/workflowdefinition.json#",
      "contentVersion": "1.0.0.0",
      "parameters": {
        "$connections": {
          "defaultValue": {},
          "type": "Object"
        },
        "$authentication": {
          "defaultValue": {},
          "type": "SecureObject"
        }
      },
      "triggers": {
        "manual": {
          "metadata": {
            "operationMetadataId": "f5062c6a-1eec-487e-9ba5-3745b64b9869"
          },
          "type": "Request",
          "kind": "PowerAppV2",
          "inputs": {
            "schema": {
              "type": "object",
              "properties": {
                "text": {
                  "title": "searchText",
                  "type": "string",
                  "x-ms-dynamically-added": true,
                  "description": "Please enter your input",
                  "x-ms-content-hint": "TEXT"
                }
              },
              "required": [
                "text"
              ]
            }
          }
        }
      },
      "actions": {
        "SearchSites": {
          "runAfter": {},
          "metadata": {
            "operationMetadataId": "980bce84-15e7-4658-9203-47f63d073b86"
          },
          "type": "OpenApiConnection",
          "inputs": {
            "host": {
              "connectionName": "shared_webcontents_1",
              "operationId": "InvokeHttp",
              "apiId": "/providers/Microsoft.PowerApps/apis/shared_webcontents"
            },
            "parameters": {
              "request/method": "GET",
              "request/url": "https://graph.microsoft.com/v1.0/sites?$search=@{triggerBody()['text']}",
              "request/headers": {
                "Content-Type": "application/json"
              }
            },
            "authentication": "@parameters('$authentication')"
          }
        },
        "Respond_to_a_Power_App_or_flow": {
          "runAfter": {
            "SearchSites": [
              "Succeeded"
            ]
          },
          "metadata": {
            "operationMetadataId": "da00d3a6-33c1-4747-9089-5ddde9f54167"
          },
          "type": "Response",
          "kind": "PowerApp",
          "inputs": {
            "statusCode": 200,
            "body": {
              "jsonsites": "@{body('SearchSites')?['value']}"
            },
            "schema": {
              "type": "object",
              "properties": {
                "jsonsites": {
                  "title": "JSONSites",
                  "x-ms-dynamically-added": true,
                  "type": "string"
                }
              }
            }
          }
        }
      }
    },
    "templateName": ""
  },
  "schemaVersion": "1.0.0.0"
}