{
  "properties": {
    "connectionReferences": {
      "shared_webcontents-1": {
        "api": {
          "name": "shared_webcontents"
        },
        "connection": {
          "connectionReferenceLogicalName": "abg_sharedwebcontents_91828"
        },
        "runtimeSource": "embedded"
      }
    },
    "definition": {
      "$schema": "https://schema.management.azure.com/providers/Microsoft.Logic/schemas/2016-06-01/workflowdefinition.json#",
      "contentVersion": "1.0.0.0",
      "parameters": {
        "$authentication": {
          "defaultValue": {},
          "type": "SecureObject"
        },
        "$connections": {
          "defaultValue": {},
          "type": "Object"
        }
      },
      "triggers": {
        "manual": {
          "type": "Request",
          "kind": "PowerAppV2",
          "inputs": {
            "schema": {
              "type": "object",
              "properties": {
                "text": {
                  "title": "SiteId",
                  "type": "string",
                  "x-ms-dynamically-added": true,
                  "description": "Please enter your input",
                  "x-ms-content-hint": "TEXT"
                },
                "text_1": {
                  "title": "ListId",
                  "type": "string",
                  "x-ms-dynamically-added": true,
                  "description": "Please enter your input",
                  "x-ms-content-hint": "TEXT"
                }
              },
              "required": [
                "text",
                "text_1"
              ]
            }
          },
          "metadata": {
            "operationMetadataId": "946b974a-dd38-4363-b64b-c7e10fbf6ec6"
          }
        }
      },
      "actions": {
        "Respond_to_a_Power_App_or_flow": {
          "type": "Response",
          "kind": "PowerApp",
          "inputs": {
            "schema": {
              "type": "object",
              "properties": {
                "jsonitems": {
                  "title": "jsonItems",
                  "x-ms-dynamically-added": true,
                  "type": "string"
                }
              },
              "additionalProperties": {}
            },
            "statusCode": 200,
            "body": {
              "jsonitems": "@{body('GetListItemsExpandedByDrive')?['value']}"
            }
          },
          "runAfter": {
            "GetListItemsExpandedByDrive": [
              "Succeeded"
            ]
          },
          "metadata": {
            "operationMetadataId": "c8e3b6fe-3e93-4d99-85b2-16ed0c1551bb"
          }
        },
        "GetListItemsExpandedByDrive": {
          "type": "OpenApiConnection",
          "inputs": {
            "parameters": {
              "request/method": "GET",
              "request/url": "https://graph.microsoft.com/v1.0/sites/@{triggerBody()['text']}/lists/@{triggerBody()['text_1']}/items?$expand=driveItem",
              "request/headers": {
                "Content-Type": "application-json"
              }
            },
            "host": {
              "apiId": "/providers/Microsoft.PowerApps/apis/shared_webcontents",
              "operationId": "InvokeHttp",
              "connectionName": "shared_webcontents-1"
            }
          },
          "runAfter": {},
          "metadata": {
            "operationMetadataId": "70b6406b-4a5c-4a83-a17a-78faf6400b10"
          }
        }
      }
    },
    "templateName": null
  },
  "schemaVersion": "1.0.0.0"
}