{
  "properties": {
    "connectionReferences": {
      "shared_webcontents_1": {
        "runtimeSource": "invoker",
        "connection": {
          "connectionReferenceLogicalName": "abg_sharedwebcontents_91828"
        },
        "api": {
          "name": "shared_webcontents"
        }
      }
    },
    "definition": {
      "$schema": "https://schema.management.azure.com/providers/Microsoft.Logic/schemas/2016-06-01/workflowdefinition.json#",
      "contentVersion": "1.0.0.0",
      "parameters": {
        "$connections": {
          "defaultValue": {},
          "type": "Object"
        },
        "$authentication": {
          "defaultValue": {},
          "type": "SecureObject"
        }
      },
      "triggers": {
        "manual": {
          "metadata": {
            "operationMetadataId": "dcb9d630-52ab-474f-8c1c-c2071b6159c4"
          },
          "type": "Request",
          "kind": "PowerAppV2",
          "inputs": {
            "schema": {
              "type": "object",
              "properties": {
                "text": {
                  "title": "SiteId",
                  "type": "string",
                  "x-ms-dynamically-added": true,
                  "description": "Please enter your input",
                  "x-ms-content-hint": "TEXT"
                }
              },
              "required": [
                "text"
              ]
            }
          }
        }
      },
      "actions": {
        "GetListsExpandedWithDrive": {
          "runAfter": {},
          "metadata": {
            "operationMetadataId": "24755e67-1dc3-451b-95f3-5a0fb2b28d1a"
          },
          "type": "OpenApiConnection",
          "inputs": {
            "host": {
              "connectionName": "shared_webcontents_1",
              "operationId": "InvokeHttp",
              "apiId": "/providers/Microsoft.PowerApps/apis/shared_webcontents"
            },
            "parameters": {
              "request/method": "GET",
              "request/url": "https://graph.microsoft.com/v1.0/sites/@{triggerBody()['text']}/lists?$expand=drive",
              "request/headers": {
                "Content-Type": "application/json"
              }
            },
            "authentication": "@parameters('$authentication')"
          }
        },
        "Respond_to_a_Power_App_or_flow": {
          "runAfter": {
            "GetListsExpandedWithDrive": [
              "Succeeded"
            ]
          },
          "metadata": {
            "operationMetadataId": "ee10e3ee-4b1e-432d-91eb-4a871507c0fb"
          },
          "type": "Response",
          "kind": "PowerApp",
          "inputs": {
            "statusCode": 200,
            "body": {
              "jsonlists": "@{body('GetListsExpandedWithDrive')?['value']}"
            },
            "schema": {
              "type": "object",
              "properties": {
                "jsonlists": {
                  "title": "jsonlists",
                  "x-ms-dynamically-added": true,
                  "type": "string"
                }
              }
            }
          }
        }
      },
      "outputs": {}
    },
    "templateName": ""
  },
  "schemaVersion": "1.0.0.0"
}