<ImportExportXml xmlns:xsi="http://www.w3.org/2001/XMLSchema-instance" OrganizationVersion="9.2.24104.214" OrganizationSchemaType="Standard" CRMServerServiceabilityVersion="9.2.24104.00214">
  <Entities></Entities>
  <Roles></Roles>
  <Workflows>
    <Workflow WorkflowId="{501cbab0-021c-ef11-840b-0022480b15be}" Name="Search Sites Based on String">
      <JsonFileName>/Workflows/SearchSitesBasedonString-501CBAB0-021C-EF11-840B-0022480B15BE.json</JsonFileName>
      <Type>1</Type>
      <Subprocess>0</Subprocess>
      <Category>5</Category>
      <Mode>0</Mode>
      <Scope>4</Scope>
      <OnDemand>0</OnDemand>
      <TriggerOnCreate>0</TriggerOnCreate>
      <TriggerOnDelete>0</TriggerOnDelete>
      <AsyncAutodelete>0</AsyncAutodelete>
      <SyncWorkflowLogOnFailure>0</SyncWorkflowLogOnFailure>
      <StateCode>1</StateCode>
      <StatusCode>2</StatusCode>
      <RunAs>1</RunAs>
      <IsTransacted>1</IsTransacted>
      <IntroducedVersion>1.0.0.0</IntroducedVersion>
      <IsCustomizable>1</IsCustomizable>
      <BusinessProcessType>0</BusinessProcessType>
      <IsCustomProcessingStepAllowedForOtherPublishers>1</IsCustomProcessingStepAllowedForOtherPublishers>
      <PrimaryEntity>none</PrimaryEntity>
      <LocalizedNames>
        <LocalizedName languagecode="1033" description="Search Sites Based on String" />
      </LocalizedNames>
    </Workflow>
    <Workflow WorkflowId="{54805d05-091c-ef11-840a-6045bd0521ee}" Name="Get Site Lists Expanded with Drive">
      <JsonFileName>/Workflows/GetSiteListsExpandedwithDrive-54805D05-091C-EF11-840A-6045BD0521EE.json</JsonFileName>
      <Type>1</Type>
      <Subprocess>0</Subprocess>
      <Category>5</Category>
      <Mode>0</Mode>
      <Scope>4</Scope>
      <OnDemand>0</OnDemand>
      <TriggerOnCreate>0</TriggerOnCreate>
      <TriggerOnDelete>0</TriggerOnDelete>
      <AsyncAutodelete>0</AsyncAutodelete>
      <SyncWorkflowLogOnFailure>0</SyncWorkflowLogOnFailure>
      <StateCode>1</StateCode>
      <StatusCode>2</StatusCode>
      <RunAs>1</RunAs>
      <IsTransacted>1</IsTransacted>
      <IntroducedVersion>1.0.0.0</IntroducedVersion>
      <IsCustomizable>1</IsCustomizable>
      <BusinessProcessType>0</BusinessProcessType>
      <IsCustomProcessingStepAllowedForOtherPublishers>1</IsCustomProcessingStepAllowedForOtherPublishers>
      <PrimaryEntity>none</PrimaryEntity>
      <LocalizedNames>
        <LocalizedName languagecode="1033" description="Get Site Lists Expanded with Drive" />
      </LocalizedNames>
    </Workflow>
    <Workflow WorkflowId="{63869adf-0f1c-ef11-840a-6045bd0521ee}" Name="Get List Items Expanded with Drive">
      <JsonFileName>/Workflows/GetListItemsExpandedwithDrive-63869ADF-0F1C-EF11-840A-6045BD0521EE.json</JsonFileName>
      <Type>1</Type>
      <Subprocess>0</Subprocess>
      <Category>5</Category>
      <Mode>0</Mode>
      <Scope>4</Scope>
      <OnDemand>0</OnDemand>
      <TriggerOnCreate>0</TriggerOnCreate>
      <TriggerOnDelete>0</TriggerOnDelete>
      <AsyncAutodelete>0</AsyncAutodelete>
      <SyncWorkflowLogOnFailure>0</SyncWorkflowLogOnFailure>
      <StateCode>1</StateCode>
      <StatusCode>2</StatusCode>
      <RunAs>1</RunAs>
      <IsTransacted>1</IsTransacted>
      <IntroducedVersion>1.0.0.0</IntroducedVersion>
      <IsCustomizable>1</IsCustomizable>
      <BusinessProcessType>0</BusinessProcessType>
      <IsCustomProcessingStepAllowedForOtherPublishers>1</IsCustomProcessingStepAllowedForOtherPublishers>
      <PrimaryEntity>none</PrimaryEntity>
      <LocalizedNames>
        <LocalizedName languagecode="1033" description="Get List Items Expanded with Drive" />
      </LocalizedNames>
    </Workflow>
  </Workflows>
  <FieldSecurityProfiles></FieldSecurityProfiles>
  <Templates />
  <EntityMaps />
  <EntityRelationships />
  <OrganizationSettings />
  <optionsets />
  <CustomControls />
  <EntityDataProviders />
  <CanvasApps>
    <CanvasApp>
      <Name>abg_getdriveidsfromsharepointonline_96615</Name>
      <AppVersion>2024-05-27T19:18:12Z</AppVersion>
      <Status>Ready</Status>
      <CreatedByClientVersion>3.24045.24.0</CreatedByClientVersion>
      <MinClientVersion>3.24045.24.0</MinClientVersion>
      <Tags>{"primaryDeviceWidth":"1366","primaryDeviceHeight":"768","supportsPortrait":"true","supportsLandscape":"true","primaryFormFactor":"Tablet","showStatusBar":"false","publisherVersion":"3.24045.24","minimumRequiredApiVersion":"2.2.0","hasComponent":"false","hasUnlockedComponent":"false","isUnifiedRootApp":"false","sienaVersion":"20240527T190141Z-3.24045.24.0"}</Tags>
      <IsCdsUpgraded>0</IsCdsUpgraded>
      <GalleryItemId xsi:nil="true"></GalleryItemId>
      <BackgroundColor>RGBA(0,176,240,1)</BackgroundColor>
      <DisplayName>Get Drive Ids from SharePoint Online</DisplayName>
      <Description xsi:nil="true"></Description>
      <CommitMessage xsi:nil="true"></CommitMessage>
      <Publisher xsi:nil="true"></Publisher>
      <AuthorizationReferences>[]</AuthorizationReferences>
      <ConnectionReferences>{"e52e40cc-015b-4c3b-83bc-8ba2292de9d0":{"id":"/providers/microsoft.powerapps/apis/shared_webcontents","displayName":"HTTP with Microsoft Entra ID (preauthorized)","iconUri":"https://connectoricons-prod.azureedge.net/releases/v1.0.1685/1.0.1685.3700/webcontents/icon.png","dataSources":[],"dependencies":[],"dependents":["dde52171-be42-412a-8dc1-787eb45c1608","9961ae67-81a7-48e3-aa63-ee62f3e9ff52","8b305852-f0cf-4462-9df7-25a5ab37f033"],"parameterHints":{},"parameterHintsV2":{},"isOnPremiseConnection":false,"bypassConsent":false,"dataSets":{},"apiTier":"Premium","endpoints":["https://graph.microsoft.com/"]},"dde52171-be42-412a-8dc1-787eb45c1608":{"id":"/providers/microsoft.powerapps/apis/shared_logicflows","displayName":"Logic flows","iconUri":"https://connectoricons-prod.azureedge.net/u/patelronak/specialtrain-logicflows-2/1.0.1692.3734/logicflows/icon.png","dataSources":["SearchSitesBasedonString"],"dependencies":["e52e40cc-015b-4c3b-83bc-8ba2292de9d0"],"dependents":[],"parameterHints":{"workflowName":{"value":"186fa4d1-0f00-48f2-a839-1d2f8453e6b3"},"workflowEntityId":{"value":"501cbab0-021c-ef11-840b-0022480b15be"},"workflowDisplayName":{"value":"Search Sites Based on String"},"e52e40cc-015b-4c3b-83bc-8ba2292de9d0":{"value":"shared_webcontents_1"}},"parameterHintsV2":{"workflowName":{"value":"186fa4d1-0f00-48f2-a839-1d2f8453e6b3"},"workflowEntityId":{"value":"501cbab0-021c-ef11-840b-0022480b15be"},"workflowDisplayName":{"value":"Search Sites Based on String"},"shared_webcontents_1":{"value":"e52e40cc-015b-4c3b-83bc-8ba2292de9d0"}},"isOnPremiseConnection":false,"bypassConsent":false,"dataSets":{},"apiTier":"Standard","actions":["Run"]},"9961ae67-81a7-48e3-aa63-ee62f3e9ff52":{"id":"/providers/microsoft.powerapps/apis/shared_logicflows","displayName":"Logic flows","iconUri":"https://connectoricons-prod.azureedge.net/u/patelronak/specialtrain-logicflows-2/1.0.1692.3734/logicflows/icon.png","dataSources":["GetSiteListsExpandedwithDrive"],"dependencies":["e52e40cc-015b-4c3b-83bc-8ba2292de9d0"],"dependents":[],"parameterHints":{"workflowName":{"value":"055ddf09-019c-48a7-bcec-7154b06df702"},"workflowEntityId":{"value":"54805d05-091c-ef11-840a-6045bd0521ee"},"workflowDisplayName":{"value":"Get Site Lists Expanded with Drive"},"e52e40cc-015b-4c3b-83bc-8ba2292de9d0":{"value":"shared_webcontents_1"}},"parameterHintsV2":{"workflowName":{"value":"055ddf09-019c-48a7-bcec-7154b06df702"},"workflowEntityId":{"value":"54805d05-091c-ef11-840a-6045bd0521ee"},"workflowDisplayName":{"value":"Get Site Lists Expanded with Drive"},"shared_webcontents_1":{"value":"e52e40cc-015b-4c3b-83bc-8ba2292de9d0"}},"isOnPremiseConnection":false,"bypassConsent":false,"dataSets":{},"apiTier":"Standard","actions":["Run"]},"8b305852-f0cf-4462-9df7-25a5ab37f033":{"id":"/providers/microsoft.powerapps/apis/shared_logicflows","displayName":"Logic flows","iconUri":"https://connectoricons-prod.azureedge.net/u/patelronak/specialtrain-logicflows-2/1.0.1692.3734/logicflows/icon.png","dataSources":["GetListItemsExpandedwithDrive"],"dependencies":["e52e40cc-015b-4c3b-83bc-8ba2292de9d0"],"dependents":[],"parameterHints":{"workflowName":{"value":"712d1367-4ed6-46a8-8b6c-e62b22369fc2"},"workflowEntityId":{"value":"63869adf-0f1c-ef11-840a-6045bd0521ee"},"workflowDisplayName":{"value":"Get List Items Expanded with Drive"},"e52e40cc-015b-4c3b-83bc-8ba2292de9d0":{"value":"shared_webcontents_1"}},"parameterHintsV2":{"workflowName":{"value":"712d1367-4ed6-46a8-8b6c-e62b22369fc2"},"workflowEntityId":{"value":"63869adf-0f1c-ef11-840a-6045bd0521ee"},"workflowDisplayName":{"value":"Get List Items Expanded with Drive"},"shared_webcontents_1":{"value":"e52e40cc-015b-4c3b-83bc-8ba2292de9d0"}},"isOnPremiseConnection":false,"bypassConsent":false,"dataSets":{},"apiTier":"Standard","actions":["Run"]}}</ConnectionReferences>
      <DatabaseReferences>{}</DatabaseReferences>
      <AppComponents>[]</AppComponents>
      <AppComponentDependencies>[]</AppComponentDependencies>
      <CanConsumeAppPass>1</CanConsumeAppPass>
      <CanvasAppType>0</CanvasAppType>
      <BypassConsent>0</BypassConsent>
      <AdminControlBypassConsent>0</AdminControlBypassConsent>
      <EmbeddedApp xsi:nil="true"></EmbeddedApp>
      <IntroducedVersion>1.0</IntroducedVersion>
      <CdsDependencies>{"cdsdependencies":[{"dependencyid":"501cbab0-021c-ef11-840b-0022480b15be","componenttype":29,"componenttypeplatformname":"Workflow"},{"dependencyid":"54805d05-091c-ef11-840a-6045bd0521ee","componenttype":29,"componenttypeplatformname":"Workflow"},{"dependencyid":"63869adf-0f1c-ef11-840a-6045bd0521ee","componenttype":29,"componenttypeplatformname":"Workflow"}]}</CdsDependencies>
      <IsCustomizable>1</IsCustomizable>
      <BackgroundImageUri>/CanvasApps/abg_getdriveidsfromsharepointonline_96615_BackgroundImageUri</BackgroundImageUri>
      <DocumentUri>/CanvasApps/abg_getdriveidsfromsharepointonline_96615_DocumentUri.msapp</DocumentUri>
      <AdditionalUris>
        <AdditionalUri>/CanvasApps/abg_getdriveidsfromsharepointonline_96615_AdditionalUris0_identity.json</AdditionalUri>
      </AdditionalUris>
    </CanvasApp>
  </CanvasApps>
  <connectionreferences>
    <connectionreference connectionreferencelogicalname="abg_sharedwebcontents_91828">
      <connectionreferencedisplayname>HTTP with Microsoft Entra ID (preauthorized) GetDriveIdsfromSharePointOnline-91828</connectionreferencedisplayname>
      <connectorid>/providers/Microsoft.PowerApps/apis/shared_webcontents</connectorid>
      <iscustomizable>1</iscustomizable>
      <statecode>0</statecode>
      <statuscode>1</statuscode>
    </connectionreference>
  </connectionreferences>
  <Languages>
    <Language>1033</Language>
    <Language>3082</Language>
  </Languages>
</ImportExportXml>